a	104.1.0.0/24
c	104.1.0.0/24
b	104.1.0.0/24
e	104.1.0.0/24

a	104.2.0.0/24
c	104.2.0.0/24
b	104.2.0.0/24
d	104.2.0.0/24

a	104.3.0.0/24
c	104.3.0.0/24
b	104.3.0.0/24
g	104.3.0.0/24

a	104.4.0.0/24
c	104.4.0.0/24
b	104.4.0.0/24
f	104.4.0.0/24

a	104.5.0.0/24
c	104.5.0.0/24
b	104.5.0.0/24
h 	104.5.0.0/24

a	104.6.0.0/24
c	104.6.0.0/24
e	104.6.0.0/24
d	104.6.0.0/24

a	104.7.0.0/24
c	104.7.0.0/24
e	104.7.0.0/24
g	104.7.0.0/24

a	104.8.0.0/24
c	104.8.0.0/24
e	104.8.0.0/24
f	104.8.0.0/24

a	104.9.0.0/24
c	104.9.0.0/24
e	104.9.0.0/24
h 	104.9.0.0/24

a	104.10.0.0/24
c	104.10.0.0/24
d	104.10.0.0/24
g	104.10.0.0/24

a	104.11.0.0/24
c	104.11.0.0/24
d	104.11.0.0/24
f	104.11.0.0/24

a	104.12.0.0/24
c	104.12.0.0/24
d	104.12.0.0/24
h 	104.12.0.0/24

a	104.13.0.0/24
c	104.13.0.0/24
g	104.13.0.0/24
f	104.13.0.0/24

a	104.14.0.0/24
c	104.14.0.0/24
g	104.14.0.0/24
h 	104.14.0.0/24

a	104.15.0.0/24
c	104.15.0.0/24
f	104.15.0.0/24
h 	104.15.0.0/24

a	104.16.0.0/24
b	104.16.0.0/24
e	104.16.0.0/24
d	104.16.0.0/24

a	104.17.0.0/24
b	104.17.0.0/24
e	104.17.0.0/24
g	104.17.0.0/24

a	104.18.0.0/24
b	104.18.0.0/24
e	104.18.0.0/24
f	104.18.0.0/24

a	104.19.0.0/24
b	104.19.0.0/24
e	104.19.0.0/24
h 	104.19.0.0/24

a	104.20.0.0/24
b	104.20.0.0/24
d	104.20.0.0/24
g	104.20.0.0/24

a	104.21.0.0/24
b	104.21.0.0/24
d	104.21.0.0/24
f	104.21.0.0/24

a	104.22.0.0/24
b	104.22.0.0/24
d	104.22.0.0/24
h 	104.22.0.0/24

a	104.23.0.0/24
b	104.23.0.0/24
g	104.23.0.0/24
f	104.23.0.0/24

a	104.24.0.0/24
b	104.24.0.0/24
g	104.24.0.0/24
h 	104.24.0.0/24

a	104.25.0.0/24
b	104.25.0.0/24
f	104.25.0.0/24
h 	104.25.0.0/24

a	104.26.0.0/24
e	104.26.0.0/24
d	104.26.0.0/24
g	104.26.0.0/24

a	104.27.0.0/24
e	104.27.0.0/24
d	104.27.0.0/24
f	104.27.0.0/24

a	104.28.0.0/24
e	104.28.0.0/24
d	104.28.0.0/24
h 	104.28.0.0/24

a	104.29.0.0/24
e	104.29.0.0/24
g	104.29.0.0/24
f	104.29.0.0/24

a	104.30.0.0/24
e	104.30.0.0/24
g	104.30.0.0/24
h 	104.30.0.0/24

a	104.31.0.0/24
e	104.31.0.0/24
f	104.31.0.0/24
h 	104.31.0.0/24

a	104.32.0.0/24
d	104.32.0.0/24
g	104.32.0.0/24
f	104.32.0.0/24

a	104.33.0.0/24
d	104.33.0.0/24
g	104.33.0.0/24
h 	104.33.0.0/24

a	104.34.0.0/24
d	104.34.0.0/24
f	104.34.0.0/24
h 	104.34.0.0/24

a	104.35.0.0/24
g	104.35.0.0/24
f	104.35.0.0/24
h 	104.35.0.0/24

c	104.36.0.0/24
b	104.36.0.0/24
e	104.36.0.0/24
d	104.36.0.0/24

c	104.37.0.0/24
b	104.37.0.0/24
e	104.37.0.0/24
g	104.37.0.0/24

c	104.38.0.0/24
b	104.38.0.0/24
e	104.38.0.0/24
f	104.38.0.0/24

c	104.39.0.0/24
b	104.39.0.0/24
e	104.39.0.0/24
h 	104.39.0.0/24

c	104.40.0.0/24
b	104.40.0.0/24
d	104.40.0.0/24
g	104.40.0.0/24

c	104.41.0.0/24
b	104.41.0.0/24
d	104.41.0.0/24
f	104.41.0.0/24

c	104.42.0.0/24
b	104.42.0.0/24
d	104.42.0.0/24
h 	104.42.0.0/24

c	104.43.0.0/24
b	104.43.0.0/24
g	104.43.0.0/24
f	104.43.0.0/24

c	104.44.0.0/24
b	104.44.0.0/24
g	104.44.0.0/24
h 	104.44.0.0/24

c	104.45.0.0/24
b	104.45.0.0/24
f	104.45.0.0/24
h 	104.45.0.0/24

c	104.46.0.0/24
e	104.46.0.0/24
d	104.46.0.0/24
g	104.46.0.0/24

c	104.47.0.0/24
e	104.47.0.0/24
d	104.47.0.0/24
f	104.47.0.0/24

c	104.48.0.0/24
e	104.48.0.0/24
d	104.48.0.0/24
h 	104.48.0.0/24

c	104.49.0.0/24
e	104.49.0.0/24
g	104.49.0.0/24
f	104.49.0.0/24

c	104.50.0.0/24
e	104.50.0.0/24
g	104.50.0.0/24
h 	104.50.0.0/24

c	104.51.0.0/24
e	104.51.0.0/24
f	104.51.0.0/24
h 	104.51.0.0/24

c	104.52.0.0/24
d	104.52.0.0/24
g	104.52.0.0/24
f	104.52.0.0/24

c	104.53.0.0/24
d	104.53.0.0/24
g	104.53.0.0/24
h 	104.53.0.0/24

c	104.54.0.0/24
d	104.54.0.0/24
f	104.54.0.0/24
h 	104.54.0.0/24

c	104.55.0.0/24
g	104.55.0.0/24
f	104.55.0.0/24
h 	104.55.0.0/24

b	104.56.0.0/24
e	104.56.0.0/24
d	104.56.0.0/24
g	104.56.0.0/24

b	104.57.0.0/24
e	104.57.0.0/24
d	104.57.0.0/24
f	104.57.0.0/24

b	104.58.0.0/24
e	104.58.0.0/24
d	104.58.0.0/24
h 	104.58.0.0/24

b	104.59.0.0/24
e	104.59.0.0/24
g	104.59.0.0/24
f	104.59.0.0/24

b	104.60.0.0/24
e	104.60.0.0/24
g	104.60.0.0/24
h 	104.60.0.0/24

b	104.61.0.0/24
e	104.61.0.0/24
f	104.61.0.0/24
h 	104.61.0.0/24

b	104.62.0.0/24
d	104.62.0.0/24
g	104.62.0.0/24
f	104.62.0.0/24

b	104.63.0.0/24
d	104.63.0.0/24
g	104.63.0.0/24
h 	104.63.0.0/24

b	104.64.0.0/24
d	104.64.0.0/24
f	104.64.0.0/24
h 	104.64.0.0/24

b	104.65.0.0/24
g	104.65.0.0/24
f	104.65.0.0/24
h 	104.65.0.0/24

e	104.66.0.0/24
d	104.66.0.0/24
g	104.66.0.0/24
f	104.66.0.0/24

e	104.67.0.0/24
d	104.67.0.0/24
g	104.67.0.0/24
h 	104.67.0.0/24

e	104.68.0.0/24
d	104.68.0.0/24
f	104.68.0.0/24
h 	104.68.0.0/24

e	104.69.0.0/24
g	104.69.0.0/24
f	104.69.0.0/24
h 	104.69.0.0/24

d	104.70.0.0/24
g	104.70.0.0/24
f	104.70.0.0/24
h 	104.70.0.0/24

